Profile;h;b;t-s;t-g;A;g;I-y;W-y;i-y;I-z;W-z;i-z;A-q;r;S-f;W-yv;A-qv;gHandel;Knick;S-y;Itor;Iw/1000;Typ;MIP-Typ;Sec-Typ;ey;S 460 Knick
HEB100;100;100;6;10;26;20.4;450;89.9;4.16;167;33.5;2.53;9;12;49.8;160.5357143;5.421686747;20.9;b/c;52.1;9.25;3.375;1;1;H;0;a
HEB120;120;120;6.5;11;34;26.7;864;144;5.04;218;52.9;3.06;10.955;12;78.2;233.5135135;7.181585678;27.4;b/c;82.6;13.8;9.41;1;1;H;0;a
HEB140;140;140;7;12;43;33.7;1510;216;5.93;550;78.5;3.58;13.12;12;115;328.6956522;9.191304348;34.5;b/c;123;20.1;22.48;1;1;H;0;a
HEB160;160;160;8;13;54.3;42.6;2490;311;6.78;889;111;4.05;17.64;15;166;478.4615385;12;43.7;b/c;177;31.2;47.94;1;1;H;0;a
HEB180;180;180;8.5;14;65.3;51.2;3830;426;7.66;1360;151;4.57;20.29;15;225;628.5245902;14.46888889;52.5;b/c;241;42.2;93.75;1;1;H;0;a
HEB200;200;200;9;15;78.1;61.3;5700;570;8.54;2000;200;5.07;24.85;18;301;850.7462687;17.04318937;63;b/c;321;59.3;171.1;1;1;H;0;a
HEB220;220;220;9.5;16;91;71.5;8090;736;9.43;2840;258;5.59;27.88;18;386;1065.263158;19.91062176;73;b/c;414;76.6;295.4;1;1;H;0;a
HEB240;240;240;10;17;106;83.2;11260;938;10.3;3920;327;6.08;33.24;21;493;1372.682927;22.83975659;85;b/c;527;103;486.9;1;1;H;0;a
HEB260;260;260;10;17.5;118;93;14920;1150;11.2;5130;395;6.58;37.15;24;602;1689.265537;24.78405316;95;b/c;641;124;753.7;1;1;H;0;a
HEB280;280;280;10.5;18;131;103;19270;1380;12.1;6590;471;7.09;40.73;24;717;1971.428571;28.21966527;106;b/c;767;144;1130;1;1;H;0;a
HEB300;300;300;11;19;149;117;25170;1680;13;8560;571;7.58;47.35;27;875;2423.076923;31.64228571;120;b/c;934;185;1688;1;1;H;0;a
HEB320;320;300;11.5;20.5;161;127;30820;1930;13.8;9240;616;7.57;51.4275;27;1000;2744.888889;35.443;130;b/c;1070;225;2069;1;1;H;0;a
HEB340;340;300;12;21.5;171;134;36660;2160;14.6;9690;646;7.53;56.19;27;1120;3022.222222;39.27857143;137;b/c;1200;257;2454;1;1;H;0;a
HEB360;360;300;12.5;22.5;181;142;43190;2400;15.5;10140;676;7.49;60.9625;27;1240;3310.344828;43.53830645;146;b/c;1340;292;2883;1;1;H;0;a
HEB400;400;300;13.5;24;198;155;57680;2880;17.1;10820;721;7.4;70.2;27;1470;3865.771812;52.97142857;159;a/b;1620;356;3817;1;1;H;0;a0
HEB450;450;300;14;26;218;171;79890;3550;19.1;11720;781;7.33;79.68;27;1780;4643.895349;62.83483146;175;a/b;1990;440;5258;1;1;H;0;a0
HEB500;500;300;14.5;28;239;187;107200;4290;21.2;12620;842;7.27;90.18;27;2130;5500;72.97652582;192;a/b;2410;538;7018;1;1;H;0;a0
HEB550;550;300;15;29;254;199;136700;4970;23.2;13080;872;7.17;100.01;27;2440;6240.86758;84.03688525;204;a/b;2800;600;8856;1;1;H;0;a0
HEB600;600;300;15.5;30;270;212;171000;5700;25.2;13530;902;7.08;110.85;27;2750;7037.037037;96.38181818;217;a/b;3210;667;10970;1;1;H;0;a0
HEB650;650;300;16;31;286;225;210600;6480;27.1;13980;932;6.99;121.7;27;3090;7887.640449;109.0485437;231;a/b;3660;739;13360;1;1;H;0;a0
HEB700;700;300;17;32;306;241;256900;7340;29;14440;963;6.87;136.72;27;3440;8828.178694;126.9563953;247;a/b;4160;831;16060;1;1;H;0;a0
HEB800;800;300;17.5;33;334;262;359100;8980;32.8;14900;994;6.68;161.575;30;4120;10658.75371;152.5303398;269;a/b;5110;946;21840;1;1;H;0;a0
HEA200;190;200;6.5;10;53.8;42.3;3690;389;8.28;1340;134;4.97;18.05;18;192;552;12;44;b/c;215;21;108;2;1;H;0;a
HEA220;210;220;7;11;64.3;50.5;5410;515;9;1950;178;6;20.63;18;256;712;15;53;b/c;284;108;193.3;2;1;H;0;a
HEA240;230;240;7.5;12;76.8;60.3;7760;675;10.1;2770;231;6;25.14;21;347;946.6463415;16.77233429;62;b/c;372;41.6;328.5;2;1;H;0;a
HEA260;250;260;7.5;12.5;86.8;68.2;10450;836;11;3670;282;6.5;28.7375;24;431;1180.79096;18.18445476;70;b/c;460;52.4;516.4;2;1;H;0;a
HEA280;270;280;8;13;97.3;76.4;13670;1010;11.9;4760;340;7;31.78;24;518;1391.326531;21.11196911;78;b/c;556;62.1;785.4;2;1;H;0;a
HEA300;290;300;8.5;14;112;88.3;18260;1260;12.7;6310;421;7.49;36.75;27;646;1756.730769;24.02631579;90;b/c;692;85.2;1200;2;1;H;0;a
HEA320;310;300;9;15.5;124;97.6;22930;1480;13.6;6990;466;7.49;40.765;27;757;2039.111111;27.26155878;100;b/c;814;108;1512;2;1;H;0;a
HEA340;330;300;9.5;16.5;133;105;27690;1680;14.4;7440;496;7.46;44.4775;27;855;2281.481481;30.76666667;108;b/c;925;127;1824;2;1;H;0;a
HEA360;350;300;10;17.5;143;112;33090;1890;15.2;7890;526;7.43;49.2;27;959;2534.482759;34.50469239;115;b/c;1040;149;2177;2;1;H;0;a
HEA400;390;300;11;19;159;125;45070;2310;16.8;8560;571;7.43;57.35;27;1160;3023.154362;42.7387931;128;a/b;1280;189;2942;2;1;H;0;a0
HEA450;440;300;11.5;21;178;140;63720;2900;18.9;9470;631;7.29;65.755;27;1440;3709.302326;50.8875;143;a/b;1610;244;4148;2;1;H;0;a0
HEA500;490;300;12;23;198;155;86970;3550;21;10370;691;7.24;75.18;27;1750;4460.25641;59.63657143;159;a/b;1970;309;5643;2;1;H;0;a0
HEA550;540;300;12.5;24;212;166;111900;4150;23;10820;721;7.15;83.96;27;2010;5116.438356;69.58955224;170;a/b;2310;352;7189;2;1;H;0;a0
HEA600;590;300;13;25;226;178;141200;4790;25;11270;751;7.05;92.75;27;2290;5815.020576;80.15720524;182;a/b;2680;398;8978;2;1;H;0;a0
HEA650;640;300;13.5;26;242;190;175200;5470;26.9;11720;782;6.97;103.55;27;2590;6555.805243;91.32046332;195;a/b;3070;448;11030;2;1;H;0;a0
HEA700;690;300;14.5;27;260;204;215300;6240;28.8;12180;812;6.84;116.495;27;2900;7397.938144;107.65;209;a/b;3520;514;13350;2;1;H;0;a0
HEA800;790;300;15;28;286;224;303400;7680;32.6;12640;843;6.65;139;30;3500;9001.780415;130.0285714;230;a/b;4350;597;18290;2;1;H;0;a0
HEA900;890;300;16;30;320;252;422100;9480;36.3;13550;903;6.5;162.8;30;4220;10957.4026;160.0379147;258;a/b;5410;737;24960;2;1;H;0;a0
HEA1000;990;300;16.5;31;347;272;553800;11190;40;14000;934;6.35;184.715;30;4860;12762.78802;188.0185185;279;a/b;6410;822;32070;2;1;H;0;a0
HEM240;270;248;18;32;200;157;24290;1800;11;8150;657;6.39;60.48;21;998;2963.414634;43.80961924;161;b/c;1060;628;1152;3;1;H;0;a
HEM260;290;268;18;32.5;220;172;31310;2160;11.9;10450;780;6.9;67.25;24;1190;3538.983051;47.35966387;176;b/c;1260;719;1728;3;1;H;0;a
HEM280;310;288;18.5;33;240;183;39550;2550;12.8;13160;914;7.4;71.865;24;1390;4033.163265;52.63848921;194;b/c;1480;807;2520;3;1;H;0;a
HEM300;340;310;21;39;303;238;59200;3480;14;19400;1250;8;90.45;27;1930;5688.461538;64.41450777;244;b/c;2040;1410;4386;3;1;H;0;a
HEM320;359;309;21;40;312;245;68130;3800;1408;19710;1280;7.95;94.8;27;2080;6063.111111;68.78509615;251;b/c;2220;1500;5004;3;1;H;0;a
HEM340;377;309;21;40;316;248;76370;4050;15.6;19710;1280;7.9;98.8;27;2200;6283.333333;72.89863636;254;a/b;2360;1510;5584;3;1;H;0;a0
HEM360;395;308;21;40;319;250;84870;4300;16.3;19520;1270;7.83;102.6;27;2320;6507.662835;76.82198276;256;a/b;2490;1510;6137;3;1;H;0;a0
HEM400;432;307;21;40;326;256;104100;4820;17.9;19330;1260;7.7;110.4;27;2550;6987.38255;85.72941176;262;a/b;2790;1510;7410;3;1;H;0;a0
HEM450;478;307;21;40;335;263;131500;5500;19.8;19340;1260;7.59;119.4;27;2850;7642.44186;96.89473684;270;a/b;3170;1530;9251;3;1;H;0;a0
HEM500;524;306;21;40;344;270;161900;6180;21.7;19150;1250;7.46;129.2;27;3150;8303.384615;107.9333333;277;a/b;3550;1540;11190;3;1;H;0;a0
HEM550;572;306;21;40;354;278;198000;6920;23.6;19160;1250;7.35;139.2;27;3460;9037.077626;120.1734104;285;a/b;3970;1550;13520;3;1;H;0;a0
HEM600;620;305;21;40;364;285;237400;7660;25.6;18970;1240;7.22;150;27;3770;9772.016461;132.2387268;292;a/b;4390;1560;15910;3;1;H;0;a0
HEM650;668;305;21;40;374;293;281700;8430;27.5;18980;1240;7.13;160;27;4080;10545.39326;144.9926471;300;a/b;4930;1580;18650;3;1;H;0;a0
HEM700;716;304;21;40;383;301;329300;9200;29.3;18800;1240;7.01;169.8;27;4380;11318.21306;157.8835616;309;a/b;5270;1590;21400;3;1;H;0;a0
HEM800;814;303;21;40;404;317;442600;10870;33.1;18630;1230;6.79;194;30;5050;13127.8635;184.0514851;325;a/b;6240;1650;27780;3;1;H;0;a0
IPE200;200;100;5.8;8.5;28.5;22.4;1940;194;8.26;142;28.5;2.24;14.033;12;89.37746183;244.0251572;12.58930358;23;a/b;110;7.02;13;4;1;H;0;a0
IPE220;220;110;5.9;9.2;33.4;26.2;2770;252;9.11;205;37.3;2.48;15.9108;12;115.6959966;312.1621622;14.12581289;27;a/b;143;9.1;22.7;4;1;H;0;a0
IPE240;240;120;6.2;9.8;39.1;30.7;3890;324;9.97;284;47.3;2.69;19.1276;15;155;408.4033613;15.56;31.5;a/b;183;12.9;37.39;4;1;H;0;a0
IPE270;270;135;6.6;10.2;45.9;36.1;5790;429;11.2;420;62.2;3.02;22.0932;15;202;527.4590164;18.91782178;37;a/b;242;15.9;70.58;4;1;H;0;a0
IPE300;300;150;7.1;10.7;53.8;42.2;8360;557;12.5;604;80.5;3.35;25.6697;15;259;672.1641191;22.91737452;43;a/b;314;20.1;125.9;4;1;H;0;a0
IPE330;330;160;7.5;11.5;62.6;49.1;11770;713;13.7;788;98.5;3.55;30.8025;18;333;868.2287823;26.50900901;50.4;a/b;402;28.1;199.1;4;1;H;0;a0
IPE360;360;170;8;12.7;72.7;57.1;16270;904;15;1040;123;3.79;35.108;18;420;1089.886135;30.99047619;58.6;a/b;510;37.3;313.6;4;1;H;0;a0
IPE400;400;180;8.6;13.5;84.5;66.3;23130;1160;16.5;1320;146;3.95;42.731;21;536;1401.812689;37.11156716;68;a/b;654;51.1;490;4;1;H;0;a0
IPE450;450;190;9.4;14.6;98.8;77.6;33740;1500;18.5;1680;176;4.12;50.8244;21;682;1781.942978;46.50381232;80;a/b;851;66.9;791;4;1;H;0;a0
IPE500;500;200;10.2;16;116;90.7;48200;1930;20.4;2140;214;4.31;60.352;21;866;2265.258216;56.77136259;93;a/b;1100;89.3;1249;4;1;H;0;a0
IPE550;550;210;11.1;17.2;134;106;67120;2440;22.3;2670;254;4.45;71.9252;24;1090;2869.974337;68.35155963;109;a/b;1390;123;1884;4;1;H;0;a0
IPE600;600;220;12;19;156;122;92080;3070;24.3;3390;308;4.66;83.8;24;1360;3583.657588;81.24705882;125;a/b;1760;165;2846;4;1;H;0;a0
U240;240;85;9.5;13;42.3;33.2;3600;300;9.22;248;39.6;2.42;22.45;13;139;382.9787234;24.60431655;34;c/c;179;19.7;22.1;5;2;U;2.23;c
U260;260;90;10;14;48.3;37.9;4820;371;9.99;317;47.7;2.56;25.5;14;171;472.8431373;28.1871345;39;c/c;221;25.5;33.3;5;2;U;2.36;c
U280;280;95;10;15;53.3;41.8;6280;448;10.9;399;57.2;2.74;27.3;15;208;570.1818182;30.19230769;43;c/c;266;31;48.5;5;2;U;2.53;c
U300;300;100;10;16;58.8;46.2;8030;535;11.7;495;67.8;2.9;29.4;16;249;680.0847458;32.24899598;48;c/c;316;37.4;69.1;5;2;U;2.7;c
U320;320;100;14;17.5;75.8;59.5;10870;679;12.1;597;80.6;2.81;43.95;17.5;307;869.12;49.57003257;61;c/c;413;66.7;96.1;5;2;U;2.6;c
U350;350;100;14;16;77.3;60.6;12840;734;12.9;571;75;2.72;48.3;16;320;898.2517483;56.175;62;c/c;459;61.2;114;5;2;U;2.4;c
U380;380;102;13.5;16;80.4;63.1;15760;829;14;615;78.7;2.77;50.71;16;342;996.8987342;62.21052632;65;c/c;507;59.1;146;5;2;U;2.38;c
U400;400;110;14;18;91.5;71.8;20350;1020;14.9;846;102;3.04;55.1;18;434;1243.902439;65.64516129;74;c/c;618;81.6;221;5;2;U;2.65;c
U220;220;80;9;12.5;37.4;29.4;2690;245;8.48;197;33.6;2.3;19.55;12.5;115;317.0588235;21.05217391;30;c/c;146;16;146;5;2;U;2.14;c
UPE270;270;95;7.5;13;49.3;38.7;5560;389;10.6;425;63.2;2.94;26.65;13;173.2781804;481.7889908;24.06534966;38.7;c/c;225.5;24.9;48.11;6;2;U;2.89;c
UPE300;300;100;9.5;15;56.6;44.4;7820;522;11.8;538;75.4;3.08;29.05;15;236.6442496;652.5;31.3931144;44.4;c/c;306.7;32;75.46;6;2;U;2.89;c
UPE330;330;105;11;16;67.8;53.2;11010;667;12.7;682;89.7;3.17;36.9;16;294.4747633;827.481203;41.12746323;53.2;c/c;395.9;45.7;116.3;6;2;U;2.9;c
UPE360;360;110;12;17;77.9;61.2;14830;824;13.8;844;105;3.29;43.4;17;359.5439099;1015.890411;49.49604071;61.2;c/c;491.2;59.3;172.4;6;2;U;2.97;c
UPE400;400;115;13.5;18;91.9;72.2;20980;1050;15.1;1050;123;3.37;53.65;18;446.6250832;1280.487805;63.41560532;72.2;c/c;631.3;80.5;266.3;6;2;U;2.98;c
I240;240;106;8.7;13.1;46.1;36.2;4250;354;9.59;221;41.7;2.2;19.81092;1.31;158.7789657;402.3108249;23.28708959;37;a/b;206;23.8;27;7;5;H;0;a0
I260;260;113;9.4;14.1;53.3;41.9;5740;442;10.4;232;51;2.32;23.15702;1.41;197.4625326;501.8778933;27.32467739;43;a/b;257;31.8;41.5;7;5;H;0;a0
I280;280;119;10.1;15.2;61;47.9;7590;542;11.1;245;61.2;2.45;26.82128;1.52;241.4388388;615.5094095;31.75089824;49;a/b;316;42;60.8;7;5;H;0;a0
I300;300;125;10.8;16.2;69;54.2;9600;653;11.9;256;72.2;2.56;30.77448;1.62;289.7345652;741.0349523;35.7844774;56;a/b;381;53.7;86.5;7;5;H;0;a0
I320;320;131;11.5;17.3;77.7;61;12610;782;12.7;555;84.7;2.67;34.96208;1.73;345.8996456;887.5647301;41.92400942;63;a/b;274;68.5;121.3;7;5;H;0;a0
I340;340;137;12.2;18.3;86.7;68;15700;923;13.5;674;98.4;2.8;39.46038;1.83;406.7207412;1046.974044;47.09373794;70;a/b;540;85.3;166.1;7;5;H;0;a0
I360;360;143;13;19.5;97;76.1;19610;1090;14.2;818;114;2.9;44.5255;1.95;478.890748;1237.464522;53.23343603;78;a/b;638;107.9;226.2;7;5;H;0;a0
I380;380;149;13.7;20.5;107;84;24010;1260;15;975;131;3.02;49.559;2.05;553.9002254;1429.680502;59.38560501;86;a/b;784;131.3;300.3;7;5;H;0;a0
I400;400;155;14.4;21.6;118;92.4;29210;1460;15.7;1160;149;3.13;55.08352;2.16;639.0998286;1656.831593;65.81507007;95;a/b;857;159.7;395.4;7;5;H;0;a0
I425;425;163;15.3;23;132;104;36970;1740;16.7;1440;176;3.3;61.597;2.3;760.3490856;1975.160256;74.39227727;107;a/b;1200;;;7;5;H;0;a0
I450;450;170;16.2;24.3;147;115;45850;2040;17.7;1730;203;3.43;69.49758;2.43;887.339695;2315.024966;83.70751406;118;a/b;1200;250.5;745.5;7;5;H;0;a0
I475;475;178;17.1;25.6;163;128;56480;2380;18.6;2090;235;3.6;77.55232;2.56;1033.371447;2700.152861;93.46184309;131;a/b;1480;;;7;5;H;0;a0
I500;500;185;18;27;179;141;68740;2750;19.6;2480;268;3.72;85.418;2.7;1192.368728;3120.744439;103.7699137;145;a/b;1620;375.4;1321.7;7;5;H;0;a0
I550;550;200;19;30;212;166;99180;3610;21.6;3490;349;4.02;99.5;3;1574.261403;4102.272727;119.7018485;170;a/b;2120;531.4;2252.9;7;5;H;0;a0
I600;600;215;21.6;32.4;254;199;139000;4630;23.4;4670;434;4.3;123.77792;3.24;1996.047322;5254.19882;150.4172756;204;a/b;2730;;;4;5;H;0;a0
IPEo240;242;122;7;10.8;43.7;34.3;4370;361;10;329;53.9;2.74;21.344;15;166.9073313;458.8340336;18.32753526;35;a/b;205;;;4;1;H;0;a0
IPEo270;274;136;7.5;12.2;63.8;42.3;6950;507;11.4;514;75.5;3.09;35.191;15;234.8435184;632.5956284;22.19563067;43;a/b;287;;;4;1;H;0;a0
IPEo300;304;152;8;12.7;62.8;49.3;9990;658;12.6;746;98.1;3.45;29.018;15;302.0806369;804.6339501;26.45651202;51;a/b;372;;;4;1;H;0;a0
IPEo330;334;182;8.5;13.5;72.6;57;13910;833;13.8;960;119;3.64;29.4675;18;423.8871998;1026.649446;27.89303382;58;a/b;471;;;4;1;H;0;a0
IPEo360;364;172;9.2;14.7;84.1;55;19050;1050;15.1;1250;146;3.86;42.2344;25;493.4002108;1342.937456;35.52086038;56;a/b;593;;;4;1;H;0;a0
IPEo400;404;182;9.7;15.5;96.4;75.7;26750;1320;16.7;1560;172;4.03;47.9935;21;597.3544223;1611.117825;43.43736152;78;a/b;751;;;4;1;H;0;a0
IPEv400;408;182;10.6;17.6;107;84;30140;1480;16.8;1770;194;4.06;52.1936;21;677.7360384;1825.392987;47.13988661;86;a/b;841;;;4;1;H;0;a0
IPEo450;456;192;11;17.6;118;92.4;40920;1790;18.7;2090;217;4.21;59.744;21;802.3967442;2154.804646;56.09693749;95;a/b;1020;;;4;1;H;0;a0
IPEv450;460;194;12.4;19.6;132;104;46200;2010;18.7;247;426;3.98;66.6144;21;904.5329442;2440.865892;63.33434328;107;a/b;1150;;;4;1;H;0;a0
IPEo500;506;202;12;19;137;107;57780;2280;20.6;2620;260;4.38;70.5;21;1008.387194;2708.169014;68.75930237;110;a/b;1310;;;4;1;H;0;a0
IPEv500;514;204;14.2;23;164;129;70720;2750;29.8;3270;321;4.46;83.086;21;1235.560794;3318.075117;81.27677769;132;a/b;1580;;;4;1;H;0;a0
IPEo550;556;212;12.7;20.2;156;123;79160;2850;22.5;3220;304;4.55;82.6134;24;1247.417372;3388.793841;80.59307355;126;a/b;1630;;;4;1;H;0;a0
IPEv550;566;218;17.1;25.2;202;159;102300;3620;22.5;4260;395;4.59;108.5332;24;1610.321132;4381.779299;108.6323694;163;a/b;2100;;;4;1;H;0;a0
IPEo600;610;224;15;24;197;154;118300;3880;24.5;4520;404;4.79;104.6;24;1699.455939;4604.669261;104.4157697;158;a/b;2240;;;4;1;H;0;a0
IPEv600;618;228;18;28;234;184;141600;4580;24.6;5570;489;4.88;124.8;24;2026.071939;5506.692607;125.8000741;189;a/b;2660;;;4;1;H;0;a0
UC152x152x30;157.6;152.9;6.5;9.4;38.3;30;1748;222;6.76;540;73.3;3.83;11.5946;7.6;110.3199218;283.0679612;10.2991371;31;b/c;124;10.5;30.8;8;3;H;0;a
UC203x203x52;206.2;204.3;7.9;12.5;66.3;52;5259;510;8.91;1778;174;5.18;18.7625;10.2;255.6044244;653.9925373;16.25406137;53;b/c;283.5;31.8;167;8;3;H;0;a
UC203x203x71;251.8;206.4;10;17.3;90.4;71;7618;706;9.18;2537;246;5.3;24.2448;10.2;430.900714;903.3069106;17.67924664;73;a/b;399.5;80.2;250;8;3;H;0;a0
UC254x254x73;254.1;254.6;8.6;14.2;93.1;73.1;11409;898;11.1;3908;307;6.48;25.6216;12.7;448.062522;1139.2002;21.89814929;75;b/c;496;57.6;562;8;3;H;0;a
UC254x254x89;260.3;256.3;10.3;17.3;113;88.9;14264;1096;11.2;4857;379;6.56;30.4963;12.7;555.2969115;1424.307539;26.45777366;91;b/c;612;102;717;8;3;H;0;a
UC254x254x107;266.7;258.8;12.8;20.5;136;107;17509;1313;11.3;5927;458;6.6;37.723;12.7;672.841629;1748.263105;33.3087595;110;b/c;742;172;898;8;3;H;0;a
UC305x305x97;307.9;305.3;9.9;15.4;123;96.9;22246;1445;13.4;7312;479;7.71;35.1738;15.2;712.2895244;1803.467775;30.91936529;99;b/c;796;91.2;1560;8;3;H;0;a
UC305x305x118;314.5;307.4;12;18.7;150;118;27676;1760;13.6;9053;589;7.77;42.9612;15.2;878.8003334;2243.696798;37.79151957;121;b/c;979;161;1980;8;3;H;0;a
UC305x305x137;320.5;309.2;13.8;21.7;174;137;32819;2048;13.7;10698;692;7.84;49.3986;15.2;1034.410003;2660.656668;43.7836253;140;b/c;1148.5;249;2390;8;3;H;0;a
UC356x368x129;355.6;368.6;10.4;17.5;164;129;40254;2264;15.7;14615;793;9.44;42.13;15.2;1120.588724;2774.219159;37.35907661;132;b/c;1239.5;153;4180;8;3;H;0;a
UC356x368x153;362;370.5;12.3;20.7;195;153;48580;2684;15.8;17562;948;9.49;50.4519;15.2;1343.096765;3348.063405;44.48927401;157;b/c;1482.5;251;5111;8;3;H;0;a
UC356x368x177;368.2;372.6;14.4;23.8;226;177;57126;3103;15.9;20530;1102;9.53;59.3048;15.2;1566.002715;3937.02481;52.52956409;181;b/c;1727.5;381;6090;8;3;H;0;a
UC356x368x202;374.6;374.7;16.5;27;257;202;66267;3538;16.1;23681;1264;9.6;67.325;15.2;1801.902591;4566.970365;60.68061089;207;b/c;1986;558;7160;8;3;H;0;a
UC356x406x235;381;394.8;18.4;30.2;299;235;79077;4151;16.3;30992;1570;10.18;75.2784;15.2;2139.063043;5449.796692;68.021221;241;b/c;2343.5;812;9540;8;3;H;0;a
UC356x406x287;393.6;399;22.6;36.5;366;287;99876;5075;16.5;38683;1939;10.28;94.075;15.2;2657.351968;6883.252929;84.94161206;294;b/c;2906;1441;12300;8;3;H;0;a
UC356x406x340;406.4;403;26.6;42.9;433;340;122550;6031;16.8;46849;2325;10.4;111.679;15.2;3208.082348;8445.893866;101.61304;349;b/c;3499.5;2343;15500;8;3;H;0;a
UC356x406x393;419;407;30.6;49.2;501;393;146608;6998;17.1;55372;2721;10.51;130.524;15.2;3777.194763;10103.93522;118.7708096;403;b/c;4111;3545;18900;8;3;H;0;a
UC356x406x467;436.6;412.2;35.8;58;595;467;183001;8383;16.1;67828;3291;10.67688228;155.244;15.2;4611.860587;12612.05307;142.0562412;479;b/c;5000;5809;24300;8;3;H;0;a
UC356x406x551;455.6;418.5;42.1;67.5;702;551;226934;9962;18;82675;3951;10.85;185.9625;15.2;5581.716621;15639.85941;171.1645726;565;b/c;6040;9240;31100;8;3;H;0;a
UC356x406x634;474.7;424.1;47.6;77;808.1;634;275140;11592;18.5;98211;11592;11;215.046;15.2;6605.801643;18955.2959;198.2600252;650;b/c;7120;13720;38800;8;3;H;0;a
UBP356x368x174;361.5;378.1;20.4;20.4;222.2;174;51134;2829;15.2;18444;2829;9.11;78.2984;15.2;1367.697964;3522.850499;76.26929535;178;b/c;1597;;;9;3;H;0;a
UBP356x368x152;356.4;375.5;17.9;17.9;193.6;152;43916;2464;15.1;15799;2464;9.03;67.8167;15.2;1184.278512;3026.08408;66.37766303;156;b/c;1382;;;9;3;H;0;a
UBP356x368x133;351.9;373.3;16.8;15.6;169;133;37840;2150;15;13576;2150;8.96;59.8936;15.2;1023.480436;2606.217706;62.11276516;136;b/c;1199;;;9;3;H;0;a
UBP356x368x109;346.4;370.5;12.9;12.9;138.4;109;30515;1762;14.8;10900;1762;8.87;48.3967;15.2;832.6187869;2103.228119;47.27775859;112;b/c;975;;;9;3;H;0;a
UBP305x305x223;338;325.4;30.5;30.5;284.8;223;52829;3125;13.6;17572;3125;7.85;104.8805;15.2;1589.197917;4283.25223;101.3897943;229;b/c;1931;;;9;3;H;0;a
UBP305x305x186;328.4;320.5;25.7;25.7;237.3;186;42643;2597;13.4;14118;2597;7.71;86.9807;15.2;1300.926572;3458.454177;84.24188757;191;b/c;1502.5;;;9;3;H;0;a
UBP305x305x149;318.2;315.6;20.6;20.6;190;149;33013;2075;13.2;10869;2075;7.56;70.4788;15.2;1012.123476;2677.473642;67.19217723;153;b/c;1185;;;9;3;H;0;a
UBP305x305x126;312.4;312.5;17.7;17.7;161.3;126;27484;1760;13.1;8999;1760;7.47;59.1887;15.2;854.3157318;2229.618816;56.94227343;129;b/c;996;;;9;3;H;0;a
UBP305x305x110;307.9;310.3;15.4;15.4;140.4;110;23580;1532;13;7689;1532;7.4;51.8808;15.2;733.8628344;1912.050263;49.48227148;113;b/c;861;;;9;3;H;0;a
UBP305x305x95;303.8;308.3;13.4;13.4;121.4;95;20112;1324;12.9;6536;1324;7.33;44.6448;15.2;631.0803003;1631.107867;42.70467639;97;b/c;739.5;;;9;3;H;0;a
UBP305x305x88;301.7;307.2;12.3;12.3;111.8;88;18404;1220;12.8;5960;1220;7.3;41.4809;15.2;575.9350394;1491.990272;39.30464107;90;b/c;679;;;9;3;H;0;a
UBP305x305x79;299.2;306;11.1;11.1;100.4;79;16400;1096;12.8;5292;1096;7.26;37.0745;15.2;516.1968183;1329.777778;35.26561837;81;b/c;608;;;9;3;H;0;a
UBP254x254x85;254.3;259.7;14.3;14.3;108.1;85;12264;964.5;10.7;4188;964.5;6.22;39.5029;12.7;467.2999465;1224.524963;37.52947145;87;b/c;545;;;9;3;H;0;a
UBP254x254x71;249.9;257.5;12.1;12.1;91.1;71;10153;812.7;10.6;3451;812.7;6.15;33.3225;12.7;389.3192305;1013.947728;31.55541529;73;b/c;455.6;;;9;3;H;0;a
UBP254x254x63;246.9;256;10.6;10.6;79.7;63;8775;710.9;10.5;2971;710.9;6.11;29.244;12.7;337.560538;876.2916126;27.5550574;65;b/c;391.25;;;9;3;H;0;a
UBP203x203x54;203.9;207.2;11.3;11.3;68.4;54;4987;489.2;8.64;1683;489.2;4.96;25.1549;10.2;236.5418562;619.9371038;23.82373289;55;b/c;276.4;;;9;3;H;0;a
UBP203x203x45;200.2;205.4;9.5;9.5;57;45;4079;407.6;8.46;1369;407.6;4.9;20.8145;10.2;195.6423199;507.4721393;19.80680868;46;b/c;228.3;;;9;3;H;0;a
CHANNELS305x102;304.8;101.6;10.2;14.8;58.83;46.18;8214;539;11.8;499.5;66.59;2.91;32.4464;26.7;265.2024201;740.6997295;31.5920194;47;c/c;319.15;49.5;86.3;10;3;U;2.56;c
CHANNELS305x89;304.8;88.9;10.2;13.7;53.11;41.69;7061;463.3;11.5;325.4;48.49;2.48;32.3414;25.7;222.908419;624.84;32.31021974;43;c/c;278.55;39.9;57.2;10;3;U;2.1;c
CHANNELS254x89;254;88.9;9.1;13.6;45.52;35.74;4448;350.2;9.88;302.4;46.7;2.58;24.2892;20.4;170.8968371;478.2301075;23.6849322;37;c/c;207.2;25.6;30;10;3;U;2.27;c
CHANNELS254x76;254;76.2;8.1;10.9;36.03;28.29;3367;265.1;9.67;162.6;28.21;2.12;22.1284;19;123.4231486;346.7322348;22.09690832;29;c/c;158.7;14.4;16.9;10;3;U;1.73;c
CHANNELS229x89;228.6;88.9;8.6;13.3;41.73;32.76;3387;296.4;9.01;285;44.82;2.61;20.8426;19;147.0335741;413.1526829;19.8105774;34;c/c;1742;22;22.4;10;3;U;2.37;c
CHANNELS229x76;228.6;76.2;7.6;11.2;33.2;26.06;2610;228.3;8.87;158.7;28.22;2.19;18.6412;17.5;109.7795151;304.8445093;18.06894481;27;c/c;135.15;12.8;13;10;3;U;1.87;c
CHANNELS203x89;203.2;88.9;8.1;12.9;37.94;29.78;2491;245.2;8.1;264.4;42.34;2.64;17.5638;17.5;123.8909645;349.8921348;16.28617557;31;c/c;1428;18.8;16.1;10;3;U;2.48;c
CHANNELS203x76;203.2;76.2;7.1;11.2;30.34;23.82;1950;192;8.02;151.3;27.59;2.23;15.6812;17;95.34188292;265.7656676;14.52142498;24;c/c;112.6;11.5;9.55;10;3;U;2;c
Channel254x76x28;254;76.2;8.1;10.9;35.9;28.2;3355;264;9.67;162;28.1;2.12;21.3184;12.2;;;;29;c/c;158;;;11;3;U;0;c
Channel254x89x36;254;88.9;9.1;13.6;45.4;35.7;4445;350;9.89;302;46.7;2.58;23.4992;13.7;;;;37;c/c;207;;;11;3;U;0;c
Channel305x89x42;304.8;88.9;10.2;13.7;53.3;47.8;7078;464;11.5;326;48.6;2.47;31.3314;13.7;;;;49;c/c;279.5;;;11;3;U;0;c
Channel305x102x46;304.8;101.6;10.2;14.8;58.9;46.2;8208;539;11.8;499;66.5;2.91;31.3664;15.2;;;;47;c/c;319;;;11;3;U;0;c
Channel381x102x55;381;101.6;10.4;16.3;70.1;55;14870;781;14.6;579;75.7;2.87;39.5384;15.2;;;;56;c/c;465.5;;;11;3;U;0;c
Channel432x102x65;431.8;101.6;12.2;16.8;83.4;65.5;21370;990;16;627;79.9;2.74;52.0024;15.2;;;;67;c/c;602.5;;;11;3;U;0;c
UB457x152x52;449.8;152.4;7.6;10.8;66.6;52.3;21370;950;17.9;645;84.6;3.11;36.7056;10.2;381.638279;1047.842079;42.55652772;54;a/b;548;;;12;3;H;0;a0
UB457x152x60;454.6;152.9;8.1;13.3;76.2;59.8;25500;1122;18.3;795;104;3.23;39.3191;10.2;470.0954548;1251.37684;43.93788493;61;a/b;643.5;;;12;3;H;0;a0
UB457x152x67;458;153.8;9;15;85.6;76.2;28930;1263;18.4;913;119;3.27;43.87;10.2;534.2596183;1419.170756;48.73473328;78;a/b;726.5;;;12;3;H;0;a0
UB457x152x74;462;154.4;9.6;17;94.5;74.2;32670;1414;18.6;1047;136;3.33;47.104;10.2;608.5243743;1602.718351;51.53975966;76;a/b;813.5;;;12;3;H;0;a0
UB457x152x82;456.8;155.3;10.5;18.9;105;82.1;36590;1571;18.7;1185;153;3.37;52.1367;10.2;668.4503075;1800.383342;57.47547659;84;a/b;905.5;;;12;3;H;0;a0
I №10;100;55;4.5;7.2;12;9.46;198;39.7;4.06;17.9;6.49;1.22;4.176;;18.3744;46.37850467;4.849137931;10;a/b;23;;;13;4;H;0;a0
I №12;120;64;4.8;7.3;14.7;11.5;350;58.4;4.88;27.9;8.72;1.38;5.4096;;26.32672;66.48956357;6.381349443;12;a/b;33.7;;;13;4;H;0;a0
I №14;140;73;4.9;7.5;17.4;13.7;572;81.7;5.73;41.9;11.5;1.55;6.4925;;36.271875;91.504;7.727199104;14;a/b;46.8;;;13;4;H;0;a0
I №16;160;81;5;7.8;20.2;15.9;873;109;6.57;58.6;14.5;1.7;7.61;;48.07998;120.7756233;9.078622745;16;a/b;62.3;;;13;4;H;0;a0
I №18;180;90;5.1;8.1;23.4;18.4;1290;143;7.42;82.6;18.4;1.88;8.7669;;62.65755;157.1428571;10.49993177;19;a/b;81.4;;;13;4;H;0;a0
I №20;200;100;5.2;8.4;26.8;21;1840;184;8.28;115;23.1;2.07;9.9632;;80.472;200.8733624;11.88984989;22;a/b;104;;;13;4;H;0;a0
I №24М;240;110;8;14;48.7;38.3;4640;387;9.8;276;50.2;2.4;18.08;;174.02;438.1132075;21.33088151;39;a/b;223;;;13;4;H;0;a0
I №27са;270;124;10;14;59.9;47;6870;507;10.7;366;59;2.5;25.6;;222.208;565.661157;30.91697869;48;a/b;297;;;13;4;H;0;a0
I №30;300;135;6.5;10.2;46.5;36.5;7080;472;12.3;337;49.9;2.69;18.837;;199.5273;506.4377682;23.06451298;37;a/b;268;;;13;4;H;0;a0
I №36;360;145;7.5;12.3;61.9;48.6;13380;743;14.7;516;71.1;2.89;26.0775;;310.061475;797.4955277;32.36454964;50;a/b;423;;;13;4;H;0;a0
I №36М;360;130;9;16;73.8;57.9;15340;852;14.4;518;79.7;2.7;30.96;;357.76;935.1219512;38.59011628;59;a/b;493;;;13;4;H;0;a0
I №45;450;160;9;14.2;84.7;66.5;27696;1231;18.1;808;101;3.09;39.222;;495.0688;1313.92315;50.34936558;68;a/b;708;;;13;4;H;0;a0
I №45М;450;150;10;18;98.8;77.6;31900;1420;18;821;119;3;43.2;;583.2;1543.478261;54.69821674;80;a/b;821;;;13;4;H;0;a0
U №20У;200;76;5.2;9;23.4;18.4;1520;152;8.07;113;20.5;2.2;11.19;9.5;90;175;18;26;c/c;114;5.04;7.11;14;4;U;2.07;c
U №8У;80;40;4.5;7.4;8.98;7.05;89.4;22.4;3.16;12.8;4.75;1.19;4.16;6.5;10.7448;27.48466258;3.744136699;7;c/c;23.3;1.33;0.144;14;4;U;1.31;c
U №10У;100;46;4.5;7.6;10.9;8.59;174;34.8;3.99;20.4;6.46;1.37;5.058;7;16.15152;41.03773585;4.847840946;9;c/c;26.4;1.69;0.296;14;4;U;1.44;c
U №12П;120;52;4.8;7.8;13.3;10.4;305;50.8;4.79;34.9;9.84;1.62;6.418;7.5;22.75416;58.3908046;6.433988334;11;c/c;29.7;2.17;0.666;14;4;U;1.54;c
U №14П;140;58;4.9;8.1;15.6;12.3;493;70.4;5.61;51.5;12.9;1.81;7.494;8;30.98331;79.61227787;7.79677833;13;c/c;40.9;2.74;1.34;14;4;U;1.67;c
W360*79;354;205;9.4;16.8;101;79;22600;1280;15;2420;236;4.89;41.4272;23;648;1651.311953;32.78395062;79;a/b;736;79;689;3;1;H;0;a0
W360*79;354;205;9.4;16.8;101;79;22600;1280;15;2420;236;4.89;41.4272;23;648;1651.311953;32.78395062;79;a/b;736;79;689;3;1;H;0;a0
W610*101;603;228;10.5;14.9;133;101;76400;2530;24.3;2950;259;4.77;74.0705;25;1146;2915.883028;70;101;a/b;1505;78;2550;3;1;H;0;a0
W610*455;689;340;32;57.9;579;455;445000;12900;27.7;38100;2240;8.11;245.496;36;6676;17733.63927;213.3013781;455;b/c;7681;4880;37900;3;1;H;0;a
W610*372;669;335;26.4;48;474;372;35300;10600;27.3;30200;1800;7.98;196.752;33;5358;13986.98225;17.39305711;372;b/c;6206;2713;49900;3;1;H;0;a
W610*551;711;347;38.6;69.1;702;551;558000;15700;28.2;48400;2790;8.3;303.0166;39;8278;22560.02425;260.1932834;551;b/c;9459;8122;29154;3;1;H;0;a
W410*114;420;261;11.6;19.3;146;114;46200;2200;17.8;5720;439;6.26;55.5988;21;1267;2722.451385;42.29834254;114;a/b;1455;225;2738;3;1;H;0;a0
W410*100;431;265;10;16.9;127;100;39800;1920;17.7;4950;381;6.25;45.88;20;943;2316.68533;42.20572641;100;a/b;1088;100;1965;3;1;H;0;a0
W360*79;354;205;9.4;16.8;101;79;22600;1280;15;2420;236;4.89;41.4272;23;648;1651.311953;32.78395062;79;a/b;736;79;689;3;1;H;0;a0
HEB900;900;300;18.5;35;371;291;494100;10980;36.5;15820;1050;6.53;188.475;30;4920;12833.76623;185.7896341;298;a/b;6290;1140;29460;1;1;H;0;a0
HEB1000;1000;300;19;36;400;314;644700;12890;40.1;16280;1090;6.38;212.44;30;5640;14850.23041;217.1861702;322;a/b;7430;1250;37640;1;1;H;0;a0
HEM900;910;302;21;40;424;333;570400;12540;36.7;18450;1220;6.6;214.8;30;5660;14820;211.6325088;341;a/b;7220;1670;34750;3;1;H;0;a0
HEM1000;1008;302;21;40;444;349;722300;14330;40.3;18460;1220;6.45;234.8;30;6310;16641.29032;240.385103;358;a/b;8280;1700;43020;3;1;H;0;a0
W530*196;554;316;16.5;26.3;254;196;134000;4840;23.1;13900;877;7.44;105.2735;25;2357;5940.097475;93.80568519;196;a/b;2777;470;9640;3;1;H;0;a0
W530*182;551;315;15.2;24.4;231;182;124000;4480;23.1;12700;808;7.42;92.7008;24;2172;5434.786438;86.7771639;182;a/b;2564;374;8820;3;1;H;0;a0
W460*177;482;286;16.6;26.9;226;177;91000;3780;20.1;10500;735;6.82;90.5854;26;1898;4843.062201;79.5890411;177;a/b;2191;440;5440;3;1;H;0;a0
W460*158;476;284;15;23.9;201;158;79600;3350;19.9;9140;643;6.74;81.261;26;1673;4238.702818;71.36879857;158;a/b;1938;311;4670;3;1;H;0;a0
W410*149;431;265;14.9;25;190;149;61900;2870;18;7770;586;6.39;72.725;23;1448;3692.447761;63.69544199;149;a/b;1657;322;3200;3;1;H;0;a0
W360*147;360;370;12.3;19.8;188;147;46300;2570;15.7;16700;904;9.43;54.2114;26;1338;3447.09389;42.56278027;147;b/c;1449;223;4840;3;1;H;0;a
W360*134;356;369;11.2;18;171;134;41500;2330;15.8;15100;818;9.4;49.536;26;1210;3095.074627;38.41322314;134;b/c;1310;168;4310;3;1;H;0;a
W360*122;363;257;13;21.7;155;122;36500;2010;15.4;6150;478;6.3;56.699;24;1036;2686.413844;45.8011583;122;a/b;1156;211;1970;3;1;H;0;a0
W360*101;357;255;10.5;18.3;129;101;30100;1690;15.3;5060;397;6.23;46.0095;23;861;2198.72449;36.70731707;101;a/b;960;125;1450;3;1;H;0;a0
W310*86;310;254;9.1;16.3;110;86;19800;1280;13.4;3990;351;6.36;35.1993;20;654;1671.440607;27.55045872;86;a/b;718;87.4;961;3;1;H;0;a0
W250*80;256;255;9.4;15.6;102;80;12600;982;11.1;4310;338;6.5;30.4584;21;519;1375.229759;22.82080925;80;b/c;558;75.7;623;3;1;H;0;a
W250*73;253;254;8.6;14.2;92.8;73;11300;891;11;3880;306;6.46;27.5652;20;467;1221.143012;20.80942184;73;b/c;503;57.5;553;3;1;H;0;a
W250*58;252;203;8;13.5;74.2;58;87830;693;10.8;1880;186;5.04;25.87;20;362;943.9783784;194.0994475;58;a/b;396;40.9;268;3;1;H;0;a0
W200*52;206;204;7.9;12.6;66.2;52;5250;509;8.9;1780;178;5.19;19.3154;14;265;686.2172775;15.6509434;52;b/c;288;31.4;167;3;1;H;0;a
W530*219;560;318;18.3;29.2;283;222;153364;5477;23.3;15702;988;7.44;117.8156;26;2648;6821.886121;105.9879607;222;a/b;3111;633;11059;3;1;H;0;a0
W530*248;571;315;19;34.5;319;250;179744;6296;23.8;18028;1145;7.52;126.145;26;3104;7988.924444;110.0237113;250;a/b;3585;954;12972;3;1;H;0;a0
W530*272;577;318;21.1;37.6;351;276;199717;6923;23.8;20225;1272;7.59;140.1016;27;3436;8920.435462;122.643443;276;a/b;3965;1249;14711;3;1;H;0;a0
U200;200;75;8.5;11.5;32.2;25.3;1910;191;7.7;148;27;2.14;16.95;11.5;89.8;248.0519481;18.07906459;26;c/c;114;11.9;9.07;5;2;U;2.01;c
W360*79;354;205;9.4;16.8;101;79;22600;1280;15;2420;236;4.89;41.4272;23;648;1651.311953;32.78395062;79;a/b;736;79;689;3;1;H;0;a0
U №30У;300;100;5.2;11;40.5;31.08;5823;388;12;342;46.1;2.91;20.22;12;249;477;32;48;c/c;316;13.4;48.2;14;4;U;2.38;c
U180;180;70;8;11;28;22;1350;150;6.96;114;22.4;2.02;14.5;11;71.9;198.5294118;15.02086231;22.5;c/c;89.6;9.55;5.57;5;2;U;1.92;c
HEA140;133;140;5.5;8.5;31.4;24.7;1030;155;5.73;389;55.6;3.52;10.1075;12;80.9;173.5;23.8;25;b/c;86.7;8.13;15.06;2;1;H;0;a
